{"intents": [
        {"tag": "greeting",
         "patterns": ["Hi", "Is anyone there?", "Hello", "Good day", "Whats up","hey","hy","hay"],
         "responses": ["Hello!", "Good to see you again!", "Hi there, how can I help?"],
         "context_set": ""
        },
        {"tag": "goodbye",
         "patterns": ["bye", "See you later", "Goodbye", "I am Leaving", "Have a Good day","good bye"],
         "responses": ["Sad to see you go :(", "Talk to you later", "Goodbye!"],
         "context_set": ""
        },
        {"tag": "age",
         "patterns": ["how old", "how old is RKM", "what is your age", "how old are you", "age?"],
         "responses": ["I am 18 years old!", "18 years young!"],
         "context_set": ""
        },
        {"tag": "name",
         "patterns": ["what is your name", "what should I call you", "whats your name?","can you tell me your name","who are you"],
         "responses": ["You can call me RKM.", "I'm RKM! How can i help you?"],
         "context_set": ""
        },
        {"tag": "shop",
         "patterns": ["Id like to buy something", "whats on the menu", "what do you reccommend?", "could i get something to eat"],
         "responses": ["We sell chocolate chip cookies for $2!", "Cookies are on the menu!"],
         "context_set": ""
        },
        {"tag": "hours",
         "patterns": ["when are you guys open", "what are your hours", "hours of operation"],
         "responses": ["We are open 7am-4pm Monday-Friday!"],
         "context_set": ""
        },
	{"tag": "health",
         "patterns": ["How are you", "How you doin", "How is your health"],
         "responses": ["I'am good, thankyou!","I am fine, What about you"],
         "context_set": ""
        },
	{"tag": "answer",
         "patterns": ["I am fine", "i am good", "i am also good","i am feeling well"],
         "responses": ["Sounds good!, what can i help you?","Nice to hear, what can i help you?"],
         "context_set": ""
        },
	{"tag": "best_friend",
         "patterns": ["Who is your best friend", "can i know your friend name", "can i have your friend name"],
         "responses": ["Shruti!"],
         "context_set": ""
        },
	{"tag": "shruti",
         "patterns": ["who is shruti", "how is your friend", "How is shruti"],
         "responses": ["my friend, she is nice girl"],
         "context_set": ""
        },
    {"tag": "ability",
         "patterns": ["What can you do for me", "what do you know", "what is the perpous to build you"],
         "responses": ["I can help you regarding MLJ","I have developed for help you in project"],
         "context_set": ""
        },
    {"tag": "feeling",
         "patterns": ["do you feel", "do you have emotions"],
         "responses": ["I am capable of acting as if I can.  If that is the case, does it matter?","Maybe I can.  I am a fairly sophisticated piece of software."],
         "context_set": ""
        },
    
    {"tag": "feelinggood",
         "patterns": ["how are you feeling", "what are you feeling now", "are you sad"],
         "responses": ["I am feeling good","i am feeling better"],
         "context_set": ""
        }
]
}