[{"MESSAGE": " rkm", "RESPONSE": "hi"}, 
    {"MESSAGE": "What hours are you open?", "RESPONSE": "I'm open every day 9am-9pm"}, 
    {"MESSAGE": "are you open today?", "RESPONSE": "I'm open every day 9am-9pm"}, 
    {"MESSAGE": "life insurance policy creation", "RESPONSE": "Please refer : ftp://lifeInsurance.doc"}, 
    {"MESSAGE": "life insurance", "RESPONSE": "Your queries can be answere from here  : ftp://lifeInsurance.doc"}, 
    {"MESSAGE": "medical insurance policy creation", "RESPONSE": "Please refer : ftp://medicalInsurance.doc"}, 
    {"MESSAGE": "medical insurance", "RESPONSE": "You can refer this document : ftp://medicalInsurance.doc"}, 
    {"MESSAGE": "admin Process like surrender death claim", "RESPONSE": "Please refer : ftp://adminProccess.doc"}, 
    {"MESSAGE": "What to do if you have lost your car insurance papers", "RESPONSE": "You can refer C:\\Users\\720555\\Desktop\\RS_Botv1.5\\RS_Bot\\code\\Docs\\carInsurance.docx"}, {"MESSAGE": "1.Contact your insurance agent:", "RESPONSE": "You can refer C:\\Users\\720555\\Desktop\\RS_Botv1.5\\RS_Bot\\code\\Docs\\carInsurance.docx"}, {"MESSAGE": "2.Write to the insurance company:", "RESPONSE": "You can refer C:\\Users\\720555\\Desktop\\RS_Botv1.5\\RS_Bot\\code\\Docs\\carInsurance.docx"}, {"MESSAGE": "3.Download a duplicate policy papers:", "RESPONSE": "You can refer C:\\Users\\720555\\Desktop\\RS_Botv1.5\\RS_Bot\\code\\Docs\\carInsurance.docx"}, {"MESSAGE": "4.File a police complaint:", "RESPONSE": "You can refer C:\\Users\\720555\\Desktop\\RS_Botv1.5\\RS_Bot\\code\\Docs\\carInsurance.docx"}, {"MESSAGE": "5.Submit an application:", "RESPONSE": "You can refer C:\\Users\\720555\\Desktop\\RS_Botv1.5\\RS_Bot\\code\\Docs\\carInsurance.docx"}, {"MESSAGE": "6.Publish an advertisement:", "RESPONSE": "You can refer C:\\Users\\720555\\Desktop\\RS_Botv1.5\\RS_Bot\\code\\Docs\\carInsurance.docx"}, {"MESSAGE": "7.Get an indemnity bond:", "RESPONSE": "You can refer C:\\Users\\720555\\Desktop\\RS_Botv1.5\\RS_Bot\\code\\Docs\\carInsurance.docx"}, {"MESSAGE": "Points to Remember", "RESPONSE": "You can refer C:\\Users\\720555\\Desktop\\RS_Botv1.5\\RS_Bot\\code\\Docs\\carInsurance.docx"}, {"MESSAGE": "Apply for a new car insurance policy online", "RESPONSE": "You can refer C:\\Users\\720555\\Desktop\\RS_Botv1.5\\RS_Bot\\code\\Docs\\carInsurance.docx"}]