[
  {
    "MESSAGE": " rkm",
    "RESPONSE": "hi"
  },
 {
    "MESSAGE": "What hours are you open?",
    "RESPONSE": "I'm open every day 9am-9pm"
  },
  {
    "MESSAGE": "are you open today?",
    "RESPONSE": "I'm open every day 9am-9pm"
  },
  {
    "MESSAGE": "life insurance policy creation",
    "RESPONSE": "Please refer : ftp://lifeInsurance.doc"
  },
  {
    "MESSAGE": "life insurance",
    "RESPONSE": "Your queries can be answere from here  : ftp://lifeInsurance.doc"
  },
  {
    "MESSAGE": "medical insurance policy creation",
    "RESPONSE": "Please refer : ftp://medicalInsurance.doc"
  },
  {
    "MESSAGE": "medical insurance",
    "RESPONSE": "You can refer this document : ftp://medicalInsurance.doc"
  },
  {
    "MESSAGE": "admin Process like surrender death claim",
    "RESPONSE": "Please refer : ftp://adminProccess.doc"
  }
  
]