[
  {
    "MESSAGE": " rkm",
    "RESPONSE": "hi"
  },
 {
    "MESSAGE": "What hours are you open?",
    "RESPONSE": "We're open every day 9am-9pm"
  },
  {
    "MESSAGE": "are you open today?",
    "RESPONSE": "We're open every day 9am-9pm"
  },
  {
    "MESSAGE": "abc policy  ",
    "RESPONSE": "Please refer : ftp://abc.doc"
  },
  {
    "MESSAGE": "xyz Policy creation",
    "RESPONSE": "Please refer : ftp://xyz.doc"
  },
  {
    "MESSAGE": "admin Process like surrender death claim",
    "RESPONSE": "Please refer : ftp://adminProccess.doc"
  }
  
]